Job,Build Number,WFC Build Date,WFC Build Number,Failure Test Count,Pass Test cases,Total Test Case Count
null,No data found for this build
null,No data found for this build
null,No data found for this build
null,No data found for this build
null,No data found for this build
null,No data found for this build
null,No data found for this build
null,No data found for this build
null,No data found for this build
null,No data found for this build
null,No data found for this build
null,No data found for this build
null,No data found for this build
