JobUrl,
https://eeho.fa.us2.oraclecloud.com/hcmUI/CandidateExperience/en/sites/jobsearch/job/265846?utm_medium=jobboard&utm_source=LinkedIn
https://eeho.fa.us2.oraclecloud.com/hcmUI/CandidateExperience/en/sites/jobsearch/job/265846?utm_medium=jobboard&utm_source=LinkedIn
https://eeho.fa.us2.oraclecloud.com/hcmUI/CandidateExperience/en/sites/jobsearch/job/265846?utm_medium=jobboard&utm_source=LinkedIn
https://eeho.fa.us2.oraclecloud.com/hcmUI/CandidateExperience/en/sites/jobsearch/job/244916?utm_medium=jobboard&utm_source=LinkedIn
https://eeho.fa.us2.oraclecloud.com/hcmUI/CandidateExperience/en/sites/jobsearch/job/244916?utm_medium=jobboard&utm_source=LinkedIn
https://jobs.careers.microsoft.com/us/en/job/1782759/-SENIOR-SOFTWARE-ENGINEER-?jobsource=linkedin&utm_source=Job%20Board&utm_campaign=linkedin-feed
https://jobs.careers.microsoft.com/us/en/job/1782759/-SENIOR-SOFTWARE-ENGINEER-?jobsource=linkedin&utm_source=Job%20Board&utm_campaign=linkedin-feed
https://jobs.careers.microsoft.com/us/en/job/1782759/-SENIOR-SOFTWARE-ENGINEER-?jobsource=linkedin&utm_source=Job%20Board&utm_campaign=linkedin-feed
https://jobs.careers.microsoft.com/us/en/job/1782759/-SENIOR-SOFTWARE-ENGINEER-?jobsource=linkedin&utm_source=Job%20Board&utm_campaign=linkedin-feed
https://jobs.careers.microsoft.com/us/en/job/1782759/-SENIOR-SOFTWARE-ENGINEER-?jobsource=linkedin&utm_source=Job%20Board&utm_campaign=linkedin-feed
https://careers.thalesgroup.com/global/en/job/TGPTGWGLOBALR0255914EXTERNALENGLOBAL/Senior-Software-Engineer?utm_source=linkedin&utm_medium=phenom-feeds
https://careers.thalesgroup.com/global/en/job/TGPTGWGLOBALR0255914EXTERNALENGLOBAL/Senior-Software-Engineer?utm_source=linkedin&utm_medium=phenom-feeds
